<?xml version="1.0" encoding="UTF-8" ?>
<!DOCTYPE mapper PUBLIC "-//mybatis.org//DTD Mapper 3.0//EN" 
	"http://mybatis.org/dtd/mybatis-3-mapper.dtd">

<mapper namespace="com.ssafy.houseplanet.model.mapper.AptDao">
	
	<select id="getCityList2"  resultType="Baseaddress">
		SELECT SUBSTR(sido_code,1,2) as code, sido_name as city
		FROM sidocode
	</select>
	
	<select id="getGugunList2" parameterType="String" resultType="Baseaddress">
		SELECT SUBSTR(gugun_code,1,5) as code, gugun_name as gugun
		FROM guguncode
		WHERE gugun_code like "${cityCode}%"
	</select>
	
	<select id="getDongList2" parameterType="String" resultType="Baseaddress">
		SELECT dongcode as code, dong
		FROM dongcode
		WHERE dongcode like "${gugunCode}%"
	</select>
	
	<select id="dongSearch" parameterType="String" resultType="Apart">
		SELECT *
		FROM housedeal
		WHERE dong = #{dong} limit 3;
	</select>
	
	<select id="aptSearch" parameterType="String" resultType="Apart">
		SELECT *
		FROM housedeal
		WHERE AptName like "%${apt}%" limit 3
	</select>
	
	<select id="getCityList"  resultType="CityDto">
		select * from sidocode;
	</select>
	
	<select id="getGugunList" parameterType="String" resultType="GugunDto">
		select * from guguncode
		where gugun_code like CONCAT(#{city},'%')
	</select>
	
	<select id="getDongList" parameterType="String" resultType="DongDto">
		select * from dongcode
		where dongcode like concat(#{gugun},'%')
	</select>
	
	<insert id="register" parameterType="BoardDto">
		insert into board(city,gugun,dong,apt_name,content,rate,id) values(#{city},#{gugun},#{dong},#{apt_name},#{content},#{rate},#{id})
	</insert>
	
	<select id="review_list" resultType="BoardDto">
		select * from board order by idx desc
	</select>
	
	<select id="review_detail" parameterType="int" resultType="BoardDto">
		 select idx, city, gugun, dong, (select sido_name from sidocode where sido_code = board.city) as cityname, (select gugun_name from guguncode where gugun_code = board.gugun) as gugunname,(select dong from dongcode where dongcode = board.dong) as dongname, apt_name, content, rate, regdate, id from board where idx = #{idx};
	</select>
	
	<insert id="reg_comment">
		insert into comment(preidx,id,content) values(#{preidx},#{id},#{content})
	</insert>
	
	<select id="get_comment" parameterType="int" resultType="CommentDto">
		select * from comment where preidx = #{preidx} order by idx desc
	</select>
	
	<delete id="delete_review" parameterType="int">
		delete from board where idx = #{idx};
	</delete>
	
	<update id="modify_review" parameterType="BoardDto">
		update board set content = #{content}, regdate = now() where idx = #{idx}
	</update>
	<select id="get_highrating" resultType="HighratingDto">
		select apt_name, (select dong from dongcode where dongcode = board.dong) as dong,avg(rate) as avg from board group by dong,apt_name order by avg desc limit 5
	</select>
	
</mapper>