<?xml version="1.0" encoding="UTF-8" ?>
<!DOCTYPE mapper PUBLIC "-//mybatis.org//DTD Mapper 3.0//EN" 
	"http://mybatis.org/dtd/mybatis-3-mapper.dtd">

<mapper namespace="com.ssafy.houseplanet.model.mapper.NoticeDao">
	
	<insert id="reg_notice" parameterType="NoticeDto">
		insert into notice(title,content,id) values(#{title},#{content},#{id})
	</insert>
	
	<select id="get_notice" resultType="NoticeDto">
		select * from notice order by idx desc;
	</select>
	
	<select id="search_notice" parameterType="int" resultType="NoticeDto">
		select * from notice where idx = #{idx}
	</select>
	
	<delete id="delete_notice" parameterType="int">
		delete from notice where idx = #{idx}
	</delete>
	
	<update id="modify_notice" parameterType="NoticeDto">
		update notice set title = #{title}, content = #{content} where idx = #{idx}
	</update>
	
</mapper>